old_path,new_path,action,reason
".gitkeep","_meta/.gitkeep","迁移并修订","空目录占位迁入治理目录"
"_garden.md","_garden.md","迁移并修订","根导航按新编号重写"
"algorithms/00_Foundations/01_Theory_Derivation.md","01-强化学习与对齐算法/1.1-数学基础与经典强化学习/1.1.1-概率与mdp基础/1.1.1-概率与mdp基础.md","迁移并修订","主文迁入同名首页并校订"
"algorithms/00_Foundations/02_Implementation.py","01-强化学习与对齐算法/1.1-数学基础与经典强化学习/1.1.1-概率与mdp基础/implementation.py","迁移并修订","实现迁入算法目录并标记验证状态"
"algorithms/00_Foundations/03_Theory_Practise_Link.md","01-强化学习与对齐算法/1.1-数学基础与经典强化学习/1.1.1-概率与mdp基础/1.1.1.1-理论与实践.md","迁移并修订","理论实践页按继承编号迁移"
"algorithms/00_Foundations/04_Content.ipynb","01-强化学习与对齐算法/1.1-数学基础与经典强化学习/1.1.1-概率与mdp基础/experiment.ipynb","迁移并修订","Notebook 迁入算法目录并标记验证状态"
"algorithms/00_Foundations/images/probability_space.png","01-强化学习与对齐算法/1.1-数学基础与经典强化学习/1.1.1-概率与mdp基础/images/probability_space.png","附件迁移","附件按文件身份迁移"
"algorithms/00_Foundations/images/random_variable.png","01-强化学习与对齐算法/1.1-数学基础与经典强化学习/1.1.1-概率与mdp基础/images/random_variable.png","附件迁移","附件按文件身份迁移"
"algorithms/01_Bellman_Equation/01_Theory_Derivation.md","01-强化学习与对齐算法/1.1-数学基础与经典强化学习/1.1.2-贝尔曼方程/1.1.2-贝尔曼方程.md","迁移并修订","主文迁入同名首页并校订"
"algorithms/01_Bellman_Equation/02_Implementation.py","01-强化学习与对齐算法/1.1-数学基础与经典强化学习/1.1.2-贝尔曼方程/implementation.py","迁移并修订","实现迁入算法目录并标记验证状态"
"algorithms/01_Bellman_Equation/03_Theory_Practise_Link.md","01-强化学习与对齐算法/1.1-数学基础与经典强化学习/1.1.2-贝尔曼方程/1.1.2.1-理论与实践.md","迁移并修订","理论实践页按继承编号迁移"
"algorithms/01_Bellman_Equation/04_Content.ipynb","01-强化学习与对齐算法/1.1-数学基础与经典强化学习/1.1.2-贝尔曼方程/experiment.ipynb","迁移并修订","Notebook 迁入算法目录并标记验证状态"
"algorithms/01_Bellman_Equation/images/bellman_backup.png","01-强化学习与对齐算法/1.1-数学基础与经典强化学习/1.1.2-贝尔曼方程/images/bellman_backup.png","附件迁移","附件按文件身份迁移"
"algorithms/01_Bellman_Equation/images/mdp_loop.png","01-强化学习与对齐算法/1.1-数学基础与经典强化学习/1.1.2-贝尔曼方程/images/mdp_loop.png","附件迁移","附件按文件身份迁移"
"algorithms/02_Policy_Gradient/01_Theory_Derivation.md","01-强化学习与对齐算法/1.1-数学基础与经典强化学习/1.1.3-策略梯度/1.1.3-策略梯度.md","迁移并修订","主文迁入同名首页并校订"
"algorithms/02_Policy_Gradient/02_Implementation.py","01-强化学习与对齐算法/1.1-数学基础与经典强化学习/1.1.3-策略梯度/implementation.py","迁移并修订","实现迁入算法目录并标记验证状态"
"algorithms/02_Policy_Gradient/images/advantage_baseline.png","01-强化学习与对齐算法/1.1-数学基础与经典强化学习/1.1.3-策略梯度/images/advantage_baseline.png","附件迁移","附件按文件身份迁移"
"algorithms/02_Policy_Gradient/images/policy_gradient_flow.png","01-强化学习与对齐算法/1.1-数学基础与经典强化学习/1.1.3-策略梯度/images/policy_gradient_flow.png","附件迁移","附件按文件身份迁移"
"algorithms/03_Classic_REINFORCE/01_Theory_Derivation.md","01-强化学习与对齐算法/1.1-数学基础与经典强化学习/1.1.4-reinforce/1.1.4-reinforce.md","迁移并修订","主文迁入同名首页并校订"
"algorithms/03_Classic_REINFORCE/02_Implementation.py","01-强化学习与对齐算法/1.1-数学基础与经典强化学习/1.1.4-reinforce/implementation.py","迁移并修订","实现迁入算法目录并标记验证状态"
"algorithms/03_Classic_REINFORCE/03_Theory_Practice_Link.md","01-强化学习与对齐算法/1.1-数学基础与经典强化学习/1.1.4-reinforce/1.1.4.1-理论与实践.md","迁移并修订","理论实践页按继承编号迁移"
"algorithms/03_Classic_REINFORCE/04_Content.ipynb","01-强化学习与对齐算法/1.1-数学基础与经典强化学习/1.1.4-reinforce/experiment.ipynb","迁移并修订","Notebook 迁入算法目录并标记验证状态"
"algorithms/03_Classic_REINFORCE/images/reinforce_flow.png","01-强化学习与对齐算法/1.1-数学基础与经典强化学习/1.1.4-reinforce/images/reinforce_flow.png","附件迁移","附件按文件身份迁移"
"algorithms/04_TRPO/01_Theory_Derivation.md","01-强化学习与对齐算法/1.1-数学基础与经典强化学习/1.1.6-trpo/1.1.6-trpo.md","迁移并修订","主文迁入同名首页并校订"
"algorithms/04_TRPO/02_Implementation.py","01-强化学习与对齐算法/1.1-数学基础与经典强化学习/1.1.6-trpo/implementation.py","迁移并修订","实现迁入算法目录并标记验证状态"
"algorithms/04_TRPO/03_Theory_Practice_Link.md","01-强化学习与对齐算法/1.1-数学基础与经典强化学习/1.1.6-trpo/1.1.6.1-理论与实践.md","迁移并修订","理论实践页按继承编号迁移"
"algorithms/04_TRPO/04_Content.ipynb","01-强化学习与对齐算法/1.1-数学基础与经典强化学习/1.1.6-trpo/experiment.ipynb","迁移并修订","Notebook 迁入算法目录并标记验证状态"
"algorithms/04_TRPO/images/trust_region_visualization.png","01-强化学习与对齐算法/1.1-数学基础与经典强化学习/1.1.6-trpo/images/trust_region_visualization.png","附件迁移","附件按文件身份迁移"
"algorithms/04_TRPO/papers/TRPO_1502.05477.pdf","01-强化学习与对齐算法/1.1-数学基础与经典强化学习/1.1.6-trpo/papers/TRPO_1502.05477.pdf","附件迁移","附件按文件身份迁移"
"algorithms/05_PPO/01_Theory_Derivation.md","01-强化学习与对齐算法/1.1-数学基础与经典强化学习/1.1.7-ppo/1.1.7-ppo.md","迁移并修订","主文迁入同名首页并校订"
"algorithms/05_PPO/02_Implementation.py","01-强化学习与对齐算法/1.1-数学基础与经典强化学习/1.1.7-ppo/implementation.py","迁移并修订","实现迁入算法目录并标记验证状态"
"algorithms/05_PPO/03_Theory_Practice_Link.md","01-强化学习与对齐算法/1.1-数学基础与经典强化学习/1.1.7-ppo/1.1.7.1-理论与实践.md","迁移并修订","理论实践页按继承编号迁移"
"algorithms/05_PPO/04_Content.ipynb","01-强化学习与对齐算法/1.1-数学基础与经典强化学习/1.1.7-ppo/experiment.ipynb","迁移并修订","Notebook 迁入算法目录并标记验证状态"
"algorithms/05_PPO/images/clipping_objective.png","01-强化学习与对齐算法/1.1-数学基础与经典强化学习/1.1.7-ppo/images/clipping_objective.png","附件迁移","附件按文件身份迁移"
"algorithms/05_PPO/images/trust_region.png","01-强化学习与对齐算法/1.1-数学基础与经典强化学习/1.1.7-ppo/images/trust_region.png","附件迁移","附件按文件身份迁移"
"algorithms/06_Actor_Critic/01_Theory_Derivation.md","01-强化学习与对齐算法/1.1-数学基础与经典强化学习/1.1.5-actor-critic/1.1.5-actor-critic.md","迁移并修订","主文迁入同名首页并校订"
"algorithms/06_Actor_Critic/02_Implementation.py","01-强化学习与对齐算法/1.1-数学基础与经典强化学习/1.1.5-actor-critic/implementation.py","迁移并修订","实现迁入算法目录并标记验证状态"
"algorithms/06_Actor_Critic/03_Theory_Practice_Link.md","01-强化学习与对齐算法/1.1-数学基础与经典强化学习/1.1.5-actor-critic/1.1.5.1-理论与实践.md","迁移并修订","理论实践页按继承编号迁移"
"algorithms/06_Actor_Critic/04_Content.ipynb","01-强化学习与对齐算法/1.1-数学基础与经典强化学习/1.1.5-actor-critic/experiment.ipynb","迁移并修订","Notebook 迁入算法目录并标记验证状态"
"algorithms/07_DPO/01_Theory_Derivation.md","01-强化学习与对齐算法/1.2-偏好优化与rlhf/1.2.2-dpo/1.2.2-dpo.md","迁移并修订","主文迁入同名首页并校订"
"algorithms/07_DPO/02_Implementation.py","01-强化学习与对齐算法/1.2-偏好优化与rlhf/1.2.2-dpo/implementation.py","迁移并修订","实现迁入算法目录并标记验证状态"
"algorithms/07_DPO/03_Theory_Practice_Link.md","01-强化学习与对齐算法/1.2-偏好优化与rlhf/1.2.2-dpo/1.2.2.1-理论与实践.md","迁移并修订","理论实践页按继承编号迁移"
"algorithms/07_DPO/04_Content.ipynb","01-强化学习与对齐算法/1.2-偏好优化与rlhf/1.2.2-dpo/experiment.ipynb","迁移并修订","Notebook 迁入算法目录并标记验证状态"
"algorithms/07_DPO/images/dpo_vs_rlhf.png","01-强化学习与对齐算法/1.2-偏好优化与rlhf/1.2.2-dpo/images/dpo_vs_rlhf.png","附件迁移","附件按文件身份迁移"
"algorithms/08_GRPO/01_Theory_Derivation.md","01-强化学习与对齐算法/1.3-推理强化学习与可验证奖励/1.3.1-grpo/1.3.1-grpo.md","迁移并修订","主文迁入同名首页并校订"
"algorithms/08_GRPO/02_Implementation.py","01-强化学习与对齐算法/1.3-推理强化学习与可验证奖励/1.3.1-grpo/implementation.py","迁移并修订","实现迁入算法目录并标记验证状态"
"algorithms/08_GRPO/03_Theory_Practice_Link.md","01-强化学习与对齐算法/1.3-推理强化学习与可验证奖励/1.3.1-grpo/1.3.1.1-理论与实践.md","迁移并修订","理论实践页按继承编号迁移"
"algorithms/08_GRPO/04_Content.ipynb","01-强化学习与对齐算法/1.3-推理强化学习与可验证奖励/1.3.1-grpo/experiment.ipynb","迁移并修订","Notebook 迁入算法目录并标记验证状态"
"algorithms/08_GRPO/GRPO_Family_Comparison.md","01-强化学习与对齐算法/1.4-算法比较与选型/1.4.2-grpo家族比较.md","迁移并修订","比较页重写为五轴比较"
"algorithms/08_GRPO/images/group_sampling.png","01-强化学习与对齐算法/1.3-推理强化学习与可验证奖励/1.3.1-grpo/images/group_sampling.png","附件迁移","附件按文件身份迁移"
"algorithms/09_DAPO/01_Theory_Derivation.md","01-强化学习与对齐算法/1.3-推理强化学习与可验证奖励/1.3.3-dapo/1.3.3-dapo.md","迁移并修订","主文迁入同名首页并校订"
"algorithms/09_DAPO/02_Implementation.py","01-强化学习与对齐算法/1.3-推理强化学习与可验证奖励/1.3.3-dapo/implementation.py","迁移并修订","实现迁入算法目录并标记验证状态"
"algorithms/09_DAPO/03_Theory_Practice_Link.md","01-强化学习与对齐算法/1.3-推理强化学习与可验证奖励/1.3.3-dapo/1.3.3.1-理论与实践.md","迁移并修订","理论实践页按继承编号迁移"
"algorithms/09_DAPO/04_Content.ipynb","01-强化学习与对齐算法/1.3-推理强化学习与可验证奖励/1.3.3-dapo/experiment.ipynb","迁移并修订","Notebook 迁入算法目录并标记验证状态"
"algorithms/09_DAPO/images/decoupled_clipping.png","01-强化学习与对齐算法/1.3-推理强化学习与可验证奖励/1.3.3-dapo/images/decoupled_clipping.png","附件迁移","附件按文件身份迁移"
"algorithms/09_DAPO/papers/DAPO_2503.14476.pdf","01-强化学习与对齐算法/1.3-推理强化学习与可验证奖励/1.3.3-dapo/papers/DAPO_2503.14476.pdf","附件迁移","附件按文件身份迁移"
"algorithms/10_GSPO/01_Theory_Derivation.md","01-强化学习与对齐算法/1.3-推理强化学习与可验证奖励/1.3.4-gspo/1.3.4-gspo.md","迁移并修订","主文迁入同名首页并校订"
"algorithms/10_GSPO/02_Implementation.py","01-强化学习与对齐算法/1.3-推理强化学习与可验证奖励/1.3.4-gspo/implementation.py","迁移并修订","实现迁入算法目录并标记验证状态"
"algorithms/10_GSPO/03_Theory_Practice_Link.md","01-强化学习与对齐算法/1.3-推理强化学习与可验证奖励/1.3.4-gspo/1.3.4.1-理论与实践.md","迁移并修订","理论实践页按继承编号迁移"
"algorithms/10_GSPO/04_Content.ipynb","01-强化学习与对齐算法/1.3-推理强化学习与可验证奖励/1.3.4-gspo/experiment.ipynb","迁移并修订","Notebook 迁入算法目录并标记验证状态"
"algorithms/10_GSPO/images/sequence_vs_token.png","01-强化学习与对齐算法/1.3-推理强化学习与可验证奖励/1.3.4-gspo/images/sequence_vs_token.png","附件迁移","附件按文件身份迁移"
"algorithms/10_GSPO/papers/GSPO_2507.18071.pdf","01-强化学习与对齐算法/1.3-推理强化学习与可验证奖励/1.3.4-gspo/papers/GSPO_2507.18071.pdf","附件迁移","附件按文件身份迁移"
"algorithms/11_ORPO/01_Theory_Derivation.md","01-强化学习与对齐算法/1.2-偏好优化与rlhf/1.2.4-orpo/1.2.4-orpo.md","迁移并修订","主文迁入同名首页并校订"
"algorithms/11_ORPO/02_Implementation.py","01-强化学习与对齐算法/1.2-偏好优化与rlhf/1.2.4-orpo/implementation.py","迁移并修订","实现迁入算法目录并标记验证状态"
"algorithms/11_ORPO/03_Theory_Practice_Link.md","01-强化学习与对齐算法/1.2-偏好优化与rlhf/1.2.4-orpo/1.2.4.1-理论与实践.md","迁移并修订","理论实践页按继承编号迁移"
"algorithms/11_ORPO/04_Content.ipynb","01-强化学习与对齐算法/1.2-偏好优化与rlhf/1.2.4-orpo/experiment.ipynb","迁移并修订","Notebook 迁入算法目录并标记验证状态"
"algorithms/11_ORPO/images/odds_ratio_diagram.png","01-强化学习与对齐算法/1.2-偏好优化与rlhf/1.2.4-orpo/images/odds_ratio_diagram.png","附件迁移","附件按文件身份迁移"
"algorithms/12_RLOO/01_Theory_Derivation.md","01-强化学习与对齐算法/1.3-推理强化学习与可验证奖励/1.3.2-rloo/1.3.2-rloo.md","迁移并修订","主文迁入同名首页并校订"
"algorithms/12_RLOO/02_Implementation.py","01-强化学习与对齐算法/1.3-推理强化学习与可验证奖励/1.3.2-rloo/implementation.py","迁移并修订","实现迁入算法目录并标记验证状态"
"algorithms/12_RLOO/03_Theory_Practice_Link.md","01-强化学习与对齐算法/1.3-推理强化学习与可验证奖励/1.3.2-rloo/1.3.2.1-理论与实践.md","迁移并修订","理论实践页按继承编号迁移"
"algorithms/12_RLOO/04_Content.ipynb","01-强化学习与对齐算法/1.3-推理强化学习与可验证奖励/1.3.2-rloo/experiment.ipynb","迁移并修订","Notebook 迁入算法目录并标记验证状态"
"algorithms/12_RLOO/images/leave_one_out.png","01-强化学习与对齐算法/1.3-推理强化学习与可验证奖励/1.3.2-rloo/images/leave_one_out.png","附件迁移","附件按文件身份迁移"
"algorithms/12_RLOO/papers/RLOO_2402.14740.pdf","01-强化学习与对齐算法/1.3-推理强化学习与可验证奖励/1.3.2-rloo/papers/RLOO_2402.14740.pdf","附件迁移","附件按文件身份迁移"
"algorithms/13_SimPO/01_Theory_Derivation.md","01-强化学习与对齐算法/1.2-偏好优化与rlhf/1.2.5-simpo/1.2.5-simpo.md","迁移并修订","主文迁入同名首页并校订"
"algorithms/13_SimPO/02_Implementation.py","01-强化学习与对齐算法/1.2-偏好优化与rlhf/1.2.5-simpo/implementation.py","迁移并修订","实现迁入算法目录并标记验证状态"
"algorithms/13_SimPO/03_Theory_Practice_Link.md","01-强化学习与对齐算法/1.2-偏好优化与rlhf/1.2.5-simpo/1.2.5.1-理论与实践.md","迁移并修订","理论实践页按继承编号迁移"
"algorithms/13_SimPO/04_Content.ipynb","01-强化学习与对齐算法/1.2-偏好优化与rlhf/1.2.5-simpo/experiment.ipynb","迁移并修订","Notebook 迁入算法目录并标记验证状态"
"algorithms/14_IPO/01_Theory_Derivation.md","01-强化学习与对齐算法/1.2-偏好优化与rlhf/1.2.3-ipo/1.2.3-ipo.md","迁移并修订","主文迁入同名首页并校订"
"algorithms/14_IPO/02_Implementation.py","01-强化学习与对齐算法/1.2-偏好优化与rlhf/1.2.3-ipo/implementation.py","迁移并修订","实现迁入算法目录并标记验证状态"
"algorithms/14_IPO/03_Theory_Practice_Link.md","01-强化学习与对齐算法/1.2-偏好优化与rlhf/1.2.3-ipo/1.2.3.1-理论与实践.md","迁移并修订","理论实践页按继承编号迁移"
"algorithms/14_IPO/04_Content.ipynb","01-强化学习与对齐算法/1.2-偏好优化与rlhf/1.2.3-ipo/experiment.ipynb","迁移并修订","Notebook 迁入算法目录并标记验证状态"
"algorithms/15_KTO/01_Theory_Derivation.md","_archive/unverified/15_KTO-错误旧稿/01_Theory_Derivation.md","归档保留","旧稿存在身份或公式风险，隔离保全"
"algorithms/15_KTO/02_Implementation.py","_archive/unverified/15_KTO-错误旧稿/02_Implementation.py","归档保留","旧稿存在身份或公式风险，隔离保全"
"algorithms/15_KTO/03_Theory_Practice_Link.md","_archive/unverified/15_KTO-错误旧稿/03_Theory_Practice_Link.md","归档保留","旧稿存在身份或公式风险，隔离保全"
"algorithms/15_KTO/04_Content.ipynb","_archive/unverified/15_KTO-错误旧稿/04_Content.ipynb","归档保留","旧稿存在身份或公式风险，隔离保全"
"algorithms/15_KTO/papers/KTO_2402.01306.pdf","01-强化学习与对齐算法/1.2-偏好优化与rlhf/1.2.6-kto/papers/KTO_2402.01306.pdf","附件迁移","附件按文件身份迁移"
"algorithms/16_GMPO/01_Theory_Derivation.md","_archive/unverified/16_GMPO-错误旧稿/01_Theory_Derivation.md","归档保留","旧稿存在身份或公式风险，隔离保全"
"algorithms/16_GMPO/02_Implementation.py","_archive/unverified/16_GMPO-错误旧稿/02_Implementation.py","归档保留","旧稿存在身份或公式风险，隔离保全"
"algorithms/16_GMPO/03_Theory_Practice_Link.md","_archive/unverified/16_GMPO-错误旧稿/03_Theory_Practice_Link.md","归档保留","旧稿存在身份或公式风险，隔离保全"
"algorithms/16_GMPO/04_Content.ipynb","_archive/unverified/16_GMPO-错误旧稿/04_Content.ipynb","归档保留","旧稿存在身份或公式风险，隔离保全"
"algorithms/16_GMPO/papers/Geometric Mean PO (Conceptual)_Info.md","_archive/unverified/16_GMPO-错误旧稿/papers/Geometric Mean PO (Conceptual)_Info.md","归档保留","旧稿存在身份或公式风险，隔离保全"
"algorithms/17_GDPO/01_Theory_Derivation.md","_archive/unverified/17_GDPO-错误旧稿/01_Theory_Derivation.md","归档保留","旧稿存在身份或公式风险，隔离保全"
"algorithms/18_GHPO/01_Theory_Derivation.md","_archive/unverified/18_GHPO-错误旧稿/01_Theory_Derivation.md","归档保留","旧稿存在身份或公式风险，隔离保全"
"algorithms/19_JustRL/01_Theory_Derivation.md","_archive/unverified/19_JustRL-错误旧稿/01_Theory_Derivation.md","归档保留","旧稿存在身份或公式风险，隔离保全"
"algorithms/19_JustRL/02_Implementation.py","_archive/unverified/19_JustRL-错误旧稿/02_Implementation.py","归档保留","旧稿存在身份或公式风险，隔离保全"
"algorithms/19_JustRL/03_Theory_Practice_Link.md","_archive/unverified/19_JustRL-错误旧稿/03_Theory_Practice_Link.md","归档保留","旧稿存在身份或公式风险，隔离保全"
"algorithms/19_JustRL/04_Content.ipynb","_archive/unverified/19_JustRL-错误旧稿/04_Content.ipynb","归档保留","旧稿存在身份或公式风险，隔离保全"
"algorithms/19_JustRL/papers/LIMA_2305.11206.pdf","_archive/unverified/19_JustRL-错误旧稿/papers/LIMA_2305.11206.pdf","归档保留","附件按文件身份迁移"
"algorithms/20_RLHF_Pipeline/01_Theory_Derivation.md","_archive/unverified/20_RLHF_Pipeline-错误旧稿/01_Theory_Derivation.md","归档保留","旧稿存在身份或公式风险，隔离保全"
"algorithms/20_RLHF_Pipeline/02_Implementation.py","_archive/unverified/20_RLHF_Pipeline-错误旧稿/02_Implementation.py","归档保留","旧稿存在身份或公式风险，隔离保全"
"algorithms/20_RLHF_Pipeline/03_Theory_Practice_Link.md","_archive/unverified/20_RLHF_Pipeline-错误旧稿/03_Theory_Practice_Link.md","归档保留","旧稿存在身份或公式风险，隔离保全"
"algorithms/20_RLHF_Pipeline/04_Content.ipynb","_archive/unverified/20_RLHF_Pipeline-错误旧稿/04_Content.ipynb","归档保留","旧稿存在身份或公式风险，隔离保全"
"algorithms/21_RL_Scaling/01_Theory_Derivation.md","01-强化学习与对齐算法/1.3-推理强化学习与可验证奖励/1.3.9-强化学习计算扩展/1.3.9-强化学习计算扩展.md","迁移并修订","主文迁入同名首页并校订"
"algorithms/22_Tricks_or_Traps/01_Theory_Derivation.md","01-强化学习与对齐算法/1.3-推理强化学习与可验证奖励/1.3.10-tricks-or-traps/1.3.10-tricks-or-traps.md","迁移并修订","主文迁入同名首页并校订"
"algorithms/23_RLVR/01_Theory_Derivation.md","_archive/unverified/23_RLVR-错误旧稿/01_Theory_Derivation.md","归档保留","旧稿存在身份或公式风险，隔离保全"
"algorithms/23_RLVR/02_Implementation.py","_archive/unverified/23_RLVR-错误旧稿/02_Implementation.py","归档保留","旧稿存在身份或公式风险，隔离保全"
"algorithms/23_RLVR/03_Theory_Practice_Link.md","_archive/unverified/23_RLVR-错误旧稿/03_Theory_Practice_Link.md","归档保留","旧稿存在身份或公式风险，隔离保全"
"algorithms/23_RLVR/04_Content.ipynb","_archive/unverified/23_RLVR-错误旧稿/04_Content.ipynb","归档保留","旧稿存在身份或公式风险，隔离保全"
"algorithms/24_OREO/01_Theory_Derivation.md","_archive/unverified/24_OREO-错误旧稿/01_Theory_Derivation.md","归档保留","旧稿存在身份或公式风险，隔离保全"
"algorithms/24_OREO/02_Implementation.py","_archive/unverified/24_OREO-错误旧稿/02_Implementation.py","归档保留","旧稿存在身份或公式风险，隔离保全"
"algorithms/24_OREO/03_Theory_Practice_Link.md","_archive/unverified/24_OREO-错误旧稿/03_Theory_Practice_Link.md","归档保留","旧稿存在身份或公式风险，隔离保全"
"algorithms/24_OREO/04_Content.ipynb","_archive/unverified/24_OREO-错误旧稿/04_Content.ipynb","归档保留","旧稿存在身份或公式风险，隔离保全"
"algorithms/24_OREO/papers/OREO_2412.16145.pdf","01-强化学习与对齐算法/1.3-推理强化学习与可验证奖励/1.3.12-oreo/papers/OREO_2412.16145.pdf","附件迁移","附件按文件身份迁移"
"algorithms/25_COCONUT/01_Theory_Derivation.md","_archive/unverified/25_COCONUT-错误旧稿/01_Theory_Derivation.md","归档保留","旧稿存在身份或公式风险，隔离保全"
"algorithms/25_COCONUT/02_Implementation.py","_archive/unverified/25_COCONUT-错误旧稿/02_Implementation.py","归档保留","旧稿存在身份或公式风险，隔离保全"
"algorithms/25_COCONUT/03_Theory_Practice_Link.md","_archive/unverified/25_COCONUT-错误旧稿/03_Theory_Practice_Link.md","归档保留","旧稿存在身份或公式风险，隔离保全"
"algorithms/25_COCONUT/04_Content.ipynb","_archive/unverified/25_COCONUT-错误旧稿/04_Content.ipynb","归档保留","旧稿存在身份或公式风险，隔离保全"
"algorithms/25_COCONUT/papers/COCONUT_2412.19379.pdf","_archive/unverified/25_COCONUT-错误旧稿/papers/COCONUT_2412.19379.pdf","归档保留","附件按文件身份迁移"
"algorithms/99_Family_Comparisons/DPO_Family.md","01-强化学习与对齐算法/1.4-算法比较与选型/1.4.1-dpo家族比较.md","迁移并修订","比较页纳入统一选型章节"
"cs336/Lecture1/Lecture1-MTP.md","02-cs336课程笔记/2.1-第01讲-课程概览与分词/2.1.2-多词元预测.md","迁移并修订","讲内文章按继承编号迁移"
"cs336/Lecture1/Lecture1-Main.md","02-cs336课程笔记/2.1-第01讲-课程概览与分词/2.1-第01讲-课程概览与分词.md","迁移并修订","讲次主页改为目录同名首页"
"cs336/Lecture1/Lecture1-Tokenizer.md","02-cs336课程笔记/2.1-第01讲-课程概览与分词/2.1.3-分词器.md","迁移并修订","讲内文章按继承编号迁移"
"cs336/Lecture1/Lecture1-如何理解PPL.md","02-cs336课程笔记/2.1-第01讲-课程概览与分词/2.1.1-困惑度.md","迁移并修订","讲内文章按继承编号迁移"
"cs336/Lecture10/Lecture10-Arithmetic-Intensity-Analysis.md","02-cs336课程笔记/2.10-第10讲-推理系统/2.10.1-算术强度分析.md","迁移并修订","讲内文章按继承编号迁移"
"cs336/Lecture10/Lecture10-Main.md","02-cs336课程笔记/2.10-第10讲-推理系统/2.10-第10讲-推理系统.md","迁移并修订","讲次主页改为目录同名首页"
"cs336/Lecture10/Lecture10-Speculative-Sampling-Theory.md","02-cs336课程笔记/2.10-第10讲-推理系统/2.10.2-投机采样.md","迁移并修订","讲内文章按继承编号迁移"
"cs336/Lecture10/images/cross_layer_attention.png","02-cs336课程笔记/2.10-第10讲-推理系统/images/cross_layer_attention.png","附件迁移","课程附件按讲次目录迁移"
"cs336/Lecture10/images/diffusion_lm.png","02-cs336课程笔记/2.10-第10讲-推理系统/images/diffusion_lm.png","附件迁移","课程附件按讲次目录迁移"
"cs336/Lecture10/images/mamba_ssm_architecture.png","02-cs336课程笔记/2.10-第10讲-推理系统/images/mamba_ssm_architecture.png","附件迁移","课程附件按讲次目录迁移"
"cs336/Lecture10/images/mha_gqa_mla_comparison.svg","02-cs336课程笔记/2.10-第10讲-推理系统/images/mha_gqa_mla_comparison.svg","附件迁移","课程附件按讲次目录迁移"
"cs336/Lecture10/images/paged_attention.gif","02-cs336课程笔记/2.10-第10讲-推理系统/images/paged_attention.gif","附件迁移","课程附件按讲次目录迁移"
"cs336/Lecture10/images/s4_architecture.png","02-cs336课程笔记/2.10-第10讲-推理系统/images/s4_architecture.png","附件迁移","课程附件按讲次目录迁移"
"cs336/Lecture10/images/speculative_decoding.png","_sources/course-assets/orphans/02-cs336课程笔记/2.10-第10讲-推理系统/images/speculative_decoding.png","附件迁移","未引用课程附件移入可追溯归档"
"cs336/Lecture10/images/speculative_decoding_cover.png","02-cs336课程笔记/2.10-第10讲-推理系统/images/speculative_decoding_cover.png","附件迁移","课程附件按讲次目录迁移"
"cs336/Lecture10/images/speculative_speedup.png","_sources/course-assets/orphans/02-cs336课程笔记/2.10-第10讲-推理系统/images/speculative_speedup.png","附件迁移","未引用课程附件移入可追溯归档"
"cs336/Lecture11/Lecture11-Main.md","02-cs336课程笔记/2.11-第11讲-扩展定律实践/2.11-第11讲-扩展定律实践.md","迁移并修订","讲次主页改为目录同名首页"
"cs336/Lecture11/Lecture11-WSD-Scheduler.md","02-cs336课程笔记/2.11-第11讲-扩展定律实践/2.11.2-wsd学习率调度.md","迁移并修订","讲内文章按继承编号迁移"
"cs336/Lecture11/Lecture11-muP-Theory.md","02-cs336课程笔记/2.11-第11讲-扩展定律实践/2.11.1-mup理论.md","迁移并修订","讲内文章按继承编号迁移"
"cs336/Lecture11/images/00_title.png","_sources/course-assets/orphans/02-cs336课程笔记/2.11-第11讲-扩展定律实践/images/00_title.png","附件迁移","未引用课程附件移入可追溯归档"
"cs336/Lecture11/images/01_motivation.png","02-cs336课程笔记/2.11-第11讲-扩展定律实践/images/01_motivation.png","附件迁移","课程附件按讲次目录迁移"
"cs336/Lecture11/images/02_mup_learning_rate_shift.png","_sources/course-assets/orphans/02-cs336课程笔记/2.11-第11讲-扩展定律实践/images/02_mup_learning_rate_shift.png","附件迁移","未引用课程附件移入可追溯归档"
"cs336/Lecture11/images/03_cerebras_overview.png","02-cs336课程笔记/2.11-第11讲-扩展定律实践/images/03_cerebras_overview.png","附件迁移","课程附件按讲次目录迁移"
"cs336/Lecture11/images/04_cerebras_scaling_comparison.png","02-cs336课程笔记/2.11-第11讲-扩展定律实践/images/04_cerebras_scaling_comparison.png","附件迁移","课程附件按讲次目录迁移"
"cs336/Lecture11/images/05_cerebras_mup_table.png","02-cs336课程笔记/2.11-第11讲-扩展定律实践/images/05_cerebras_mup_table.png","附件迁移","课程附件按讲次目录迁移"
"cs336/Lecture11/images/06_cerebras_hp_search.png","02-cs336课程笔记/2.11-第11讲-扩展定律实践/images/06_cerebras_hp_search.png","附件迁移","课程附件按讲次目录迁移"
"cs336/Lecture11/images/07_minicpm_overview.png","02-cs336课程笔记/2.11-第11讲-扩展定律实践/images/07_minicpm_overview.png","附件迁移","课程附件按讲次目录迁移"
"cs336/Lecture11/images/08_minicpm_mup_params.png","02-cs336课程笔记/2.11-第11讲-扩展定律实践/images/08_minicpm_mup_params.png","附件迁移","课程附件按讲次目录迁移"
"cs336/Lecture11/images/09_minicpm_batch_size.png","02-cs336课程笔记/2.11-第11讲-扩展定律实践/images/09_minicpm_batch_size.png","附件迁移","课程附件按讲次目录迁移"
"cs336/Lecture11/images/10_minicpm_lr_stability.png","02-cs336课程笔记/2.11-第11讲-扩展定律实践/images/10_minicpm_lr_stability.png","附件迁移","课程附件按讲次目录迁移"
"cs336/Lecture11/images/11_wsd_schedule.png","02-cs336课程笔记/2.11-第11讲-扩展定律实践/images/11_wsd_schedule.png","附件迁移","课程附件按讲次目录迁移"
"cs336/Lecture11/images/12_wsd_vs_cosine.png","02-cs336课程笔记/2.11-第11讲-扩展定律实践/images/12_wsd_vs_cosine.png","附件迁移","课程附件按讲次目录迁移"
"cs336/Lecture11/images/13_minicpm_chinchilla.png","02-cs336课程笔记/2.11-第11讲-扩展定律实践/images/13_minicpm_chinchilla.png","附件迁移","课程附件按讲次目录迁移"
"cs336/Lecture11/images/14_deepseek_overview.png","02-cs336课程笔记/2.11-第11讲-扩展定律实践/images/14_deepseek_overview.png","附件迁移","课程附件按讲次目录迁移"
"cs336/Lecture11/images/15_deepseek_lr_bs_grid.png","02-cs336课程笔记/2.11-第11讲-扩展定律实践/images/15_deepseek_lr_bs_grid.png","附件迁移","课程附件按讲次目录迁移"
"cs336/Lecture11/images/16_deepseek_scaling_fit.png","02-cs336课程笔记/2.11-第11讲-扩展定律实践/images/16_deepseek_scaling_fit.png","附件迁移","课程附件按讲次目录迁移"
"cs336/Lecture11/images/17_deepseek_wsd.png","02-cs336课程笔记/2.11-第11讲-扩展定律实践/images/17_deepseek_wsd.png","附件迁移","课程附件按讲次目录迁移"
"cs336/Lecture11/images/18_deepseek_isoflop.png","02-cs336课程笔记/2.11-第11讲-扩展定律实践/images/18_deepseek_isoflop.png","附件迁移","课程附件按讲次目录迁移"
"cs336/Lecture11/images/19_deepseek_prediction.png","02-cs336课程笔记/2.11-第11讲-扩展定律实践/images/19_deepseek_prediction.png","附件迁移","课程附件按讲次目录迁移"
"cs336/Lecture11/images/20_llama3_isoflop.png","02-cs336课程笔记/2.11-第11讲-扩展定律实践/images/20_llama3_isoflop.png","附件迁移","课程附件按讲次目录迁移"
"cs336/Lecture11/images/21_llama3_downstream.png","02-cs336课程笔记/2.11-第11讲-扩展定律实践/images/21_llama3_downstream.png","附件迁移","课程附件按讲次目录迁移"
"cs336/Lecture11/images/22_hunyuan_isoflop.png","02-cs336课程笔记/2.11-第11讲-扩展定律实践/images/22_hunyuan_isoflop.png","附件迁移","课程附件按讲次目录迁移"
"cs336/Lecture11/images/23_minimax_scaling.png","02-cs336课程笔记/2.11-第11讲-扩展定律实践/images/23_minimax_scaling.png","附件迁移","课程附件按讲次目录迁移"
"cs336/Lecture11/images/24_case_study_summary.png","02-cs336课程笔记/2.11-第11讲-扩展定律实践/images/24_case_study_summary.png","附件迁移","课程附件按讲次目录迁移"
"cs336/Lecture11/images/25_mup_intro.png","02-cs336课程笔记/2.11-第11讲-扩展定律实践/images/25_mup_intro.png","附件迁移","课程附件按讲次目录迁移"
"cs336/Lecture11/images/26_mup_conditions.png","02-cs336课程笔记/2.11-第11讲-扩展定律实践/images/26_mup_conditions.png","附件迁移","课程附件按讲次目录迁移"
"cs336/Lecture11/images/27_mup_init_derivation.png","02-cs336课程笔记/2.11-第11讲-扩展定律实践/images/27_mup_init_derivation.png","附件迁移","课程附件按讲次目录迁移"
"cs336/Lecture11/images/28_mup_update_derivation.png","02-cs336课程笔记/2.11-第11讲-扩展定律实践/images/28_mup_update_derivation.png","附件迁移","课程附件按讲次目录迁移"
"cs336/Lecture11/images/29_mup_final_formula.png","02-cs336课程笔记/2.11-第11讲-扩展定律实践/images/29_mup_final_formula.png","附件迁移","课程附件按讲次目录迁移"
"cs336/Lecture11/images/30_mup_sp_comparison.png","02-cs336课程笔记/2.11-第11讲-扩展定律实践/images/30_mup_sp_comparison.png","附件迁移","课程附件按讲次目录迁移"
"cs336/Lecture11/images/31_lingle_overview.png","02-cs336课程笔记/2.11-第11讲-扩展定律实践/images/31_lingle_overview.png","附件迁移","课程附件按讲次目录迁移"
"cs336/Lecture11/images/32_lingle_lr_transfer.png","02-cs336课程笔记/2.11-第11讲-扩展定律实践/images/32_lingle_lr_transfer.png","附件迁移","课程附件按讲次目录迁移"
"cs336/Lecture11/images/33_lingle_activations.png","02-cs336课程笔记/2.11-第11讲-扩展定律实践/images/33_lingle_activations.png","附件迁移","课程附件按讲次目录迁移"
"cs336/Lecture11/images/34_lingle_batch_size.png","02-cs336课程笔记/2.11-第11讲-扩展定律实践/images/34_lingle_batch_size.png","附件迁移","课程附件按讲次目录迁移"
"cs336/Lecture11/images/35_lingle_init.png","02-cs336课程笔记/2.11-第11讲-扩展定律实践/images/35_lingle_init.png","附件迁移","课程附件按讲次目录迁移"
"cs336/Lecture11/images/36_lingle_optimizer.png","02-cs336课程笔记/2.11-第11讲-扩展定律实践/images/36_lingle_optimizer.png","附件迁移","课程附件按讲次目录迁移"
"cs336/Lecture11/images/37_lingle_weight_decay.png","02-cs336课程笔记/2.11-第11讲-扩展定律实践/images/37_lingle_weight_decay.png","附件迁移","课程附件按讲次目录迁移"
"cs336/Lecture11/images/38_lingle_10b_validation.png","02-cs336课程笔记/2.11-第11讲-扩展定律实践/images/38_lingle_10b_validation.png","附件迁移","课程附件按讲次目录迁移"
"cs336/Lecture11/images/39_summary.png","02-cs336课程笔记/2.11-第11讲-扩展定律实践/images/39_summary.png","附件迁移","课程附件按讲次目录迁移"
"cs336/Lecture11/images/slide_40.png","_sources/course-assets/orphans/02-cs336课程笔记/2.11-第11讲-扩展定律实践/images/slide_40.png","附件迁移","未引用课程附件移入可追溯归档"
"cs336/Lecture11/images/slide_41.png","_sources/course-assets/orphans/02-cs336课程笔记/2.11-第11讲-扩展定律实践/images/slide_41.png","附件迁移","未引用课程附件移入可追溯归档"
"cs336/Lecture11/images/slide_42.png","_sources/course-assets/orphans/02-cs336课程笔记/2.11-第11讲-扩展定律实践/images/slide_42.png","附件迁移","未引用课程附件移入可追溯归档"
"cs336/Lecture11/images/slide_43.png","_sources/course-assets/orphans/02-cs336课程笔记/2.11-第11讲-扩展定律实践/images/slide_43.png","附件迁移","未引用课程附件移入可追溯归档"
"cs336/Lecture11/images/slide_44.png","_sources/course-assets/orphans/02-cs336课程笔记/2.11-第11讲-扩展定律实践/images/slide_44.png","附件迁移","未引用课程附件移入可追溯归档"
"cs336/Lecture12/Lecture12-Agent-Benchmarks.md","02-cs336课程笔记/2.12-第12讲-模型评测/2.12.1-智能体基准.md","迁移并修订","讲内文章按继承编号迁移"
"cs336/Lecture12/Lecture12-Chatbot-Arena.md","02-cs336课程笔记/2.12-第12讲-模型评测/2.12.2-chatbot-arena.md","迁移并修订","讲内文章按继承编号迁移"
"cs336/Lecture12/Lecture12-Contamination.md","02-cs336课程笔记/2.12-第12讲-模型评测/2.12.3-评测污染.md","迁移并修订","讲内文章按继承编号迁移"
"cs336/Lecture12/Lecture12-Main.md","02-cs336课程笔记/2.12-第12讲-模型评测/2.12-第12讲-模型评测.md","迁移并修订","讲次主页改为目录同名首页"
"cs336/Lecture12/images/alpacaeval-leaderboard.png","02-cs336课程笔记/2.12-第12讲-模型评测/images/alpacaeval-leaderboard.png","附件迁移","课程附件按讲次目录迁移"
"cs336/Lecture12/images/artificial-analysis.png","02-cs336课程笔记/2.12-第12讲-模型评测/images/artificial-analysis.png","附件迁移","课程附件按讲次目录迁移"
"cs336/Lecture12/images/chatbot-arena-leaderboard.png","02-cs336课程笔记/2.12-第12讲-模型评测/images/chatbot-arena-leaderboard.png","附件迁移","课程附件按讲次目录迁移"
"cs336/Lecture12/images/clio-table4.png","02-cs336课程笔记/2.12-第12讲-模型评测/images/clio-table4.png","附件迁移","课程附件按讲次目录迁移"
"cs336/Lecture12/images/contamination-exchangeability.png","02-cs336课程笔记/2.12-第12讲-模型评测/images/contamination-exchangeability.png","附件迁移","课程附件按讲次目录迁移"
"cs336/Lecture12/images/cybench-agent.png","02-cs336课程笔记/2.12-第12讲-模型评测/images/cybench-agent.png","附件迁移","课程附件按讲次目录迁移"
"cs336/Lecture12/images/cybench-results.png","02-cs336课程笔记/2.12-第12讲-模型评测/images/cybench-results.png","附件迁移","课程附件按讲次目录迁移"
"cs336/Lecture12/images/cybench.png","02-cs336课程笔记/2.12-第12讲-模型评测/images/cybench.png","附件迁移","课程附件按讲次目录迁移"
"cs336/Lecture12/images/deepseek-r1-benchmarks.png","02-cs336课程笔记/2.12-第12讲-模型评测/images/deepseek-r1-benchmarks.png","附件迁移","课程附件按讲次目录迁移"
"cs336/Lecture12/images/gpqa.png","02-cs336课程笔记/2.12-第12讲-模型评测/images/gpqa.png","附件迁移","课程附件按讲次目录迁移"
"cs336/Lecture12/images/gpt2-perplexity.png","02-cs336课程笔记/2.12-第12讲-模型评测/images/gpt2-perplexity.png","附件迁移","课程附件按讲次目录迁移"
"cs336/Lecture12/images/hellaswag.png","02-cs336课程笔记/2.12-第12讲-模型评测/images/hellaswag.png","附件迁移","课程附件按讲次目录迁移"
"cs336/Lecture12/images/helm-capabilities-leaderboard.png","02-cs336课程笔记/2.12-第12讲-模型评测/images/helm-capabilities-leaderboard.png","附件迁移","课程附件按讲次目录迁移"
"cs336/Lecture12/images/hle-examples.png","02-cs336课程笔记/2.12-第12讲-模型评测/images/hle-examples.png","附件迁移","课程附件按讲次目录迁移"
"cs336/Lecture12/images/hle-pipeline.png","02-cs336课程笔记/2.12-第12讲-模型评测/images/hle-pipeline.png","附件迁移","课程附件按讲次目录迁移"
"cs336/Lecture12/images/hle-results.png","02-cs336课程笔记/2.12-第12讲-模型评测/images/hle-results.png","附件迁移","课程附件按讲次目录迁移"
"cs336/Lecture12/images/ifeval-categories.png","02-cs336课程笔记/2.12-第12讲-模型评测/images/ifeval-categories.png","附件迁移","课程附件按讲次目录迁移"
"cs336/Lecture12/images/karpathy-crisis.png","02-cs336课程笔记/2.12-第12讲-模型评测/images/karpathy-crisis.png","附件迁移","课程附件按讲次目录迁移"
"cs336/Lecture12/images/karpathy-nanogpt-speedrun.png","02-cs336课程笔记/2.12-第12讲-模型评测/images/karpathy-nanogpt-speedrun.png","附件迁移","课程附件按讲次目录迁移"
"cs336/Lecture12/images/lambada.png","02-cs336课程笔记/2.12-第12讲-模型评测/images/lambada.png","附件迁移","课程附件按讲次目录迁移"
"cs336/Lecture12/images/llama4-benchmarks.png","02-cs336课程笔记/2.12-第12讲-模型评测/images/llama4-benchmarks.png","附件迁移","课程附件按讲次目录迁移"
"cs336/Lecture12/images/mlebench-results.png","02-cs336课程笔记/2.12-第12讲-模型评测/images/mlebench-results.png","附件迁移","课程附件按讲次目录迁移"
"cs336/Lecture12/images/mlebench.png","02-cs336课程笔记/2.12-第12讲-模型评测/images/mlebench.png","附件迁移","课程附件按讲次目录迁移"
"cs336/Lecture12/images/mmlu-pro.png","02-cs336课程笔记/2.12-第12讲-模型评测/images/mmlu-pro.png","附件迁移","课程附件按讲次目录迁移"
"cs336/Lecture12/images/mmlu.png","02-cs336课程笔记/2.12-第12讲-模型评测/images/mmlu.png","附件迁移","课程附件按讲次目录迁移"
"cs336/Lecture12/images/openrouter.png","02-cs336课程笔记/2.12-第12讲-模型评测/images/openrouter.png","附件迁移","课程附件按讲次目录迁移"
"cs336/Lecture12/images/swebench.png","02-cs336课程笔记/2.12-第12讲-模型评测/images/swebench.png","附件迁移","课程附件按讲次目录迁移"
"cs336/Lecture12/images/wildbench.png","02-cs336课程笔记/2.12-第12讲-模型评测/images/wildbench.png","附件迁移","课程附件按讲次目录迁移"
"cs336/Lecture13/Lecture13-Common-Crawl.md","02-cs336课程笔记/2.13-第13讲-数据来源与混合/2.13.1-common-crawl.md","迁移并修订","讲内文章按继承编号迁移"
"cs336/Lecture13/Lecture13-Copyright.md","02-cs336课程笔记/2.13-第13讲-数据来源与混合/2.13.2-版权与许可.md","迁移并修订","讲内文章按继承编号迁移"
"cs336/Lecture13/Lecture13-DCLM.md","02-cs336课程笔记/2.13-第13讲-数据来源与混合/2.13.3-dclm.md","迁移并修订","讲内文章按继承编号迁移"
"cs336/Lecture13/Lecture13-Main.md","02-cs336课程笔记/2.13-第13讲-数据来源与混合/2.13-第13讲-数据来源与混合.md","迁移并修订","讲次主页改为目录同名首页"
"cs336/Lecture13/images/dclm-filter.png","02-cs336课程笔记/2.13-第13讲-数据来源与混合/images/dclm-filter.png","附件迁移","课程附件按讲次目录迁移"
"cs336/Lecture13/images/dclm-quality.png","02-cs336课程笔记/2.13-第13讲-数据来源与混合/images/dclm-quality.png","附件迁移","课程附件按讲次目录迁移"
"cs336/Lecture13/images/dclm-wet.png","02-cs336课程笔记/2.13-第13讲-数据来源与混合/images/dclm-wet.png","附件迁移","课程附件按讲次目录迁移"
"cs336/Lecture13/images/llama3-data.png","02-cs336课程笔记/2.13-第13讲-数据来源与混合/images/llama3-data.png","附件迁移","课程附件按讲次目录迁移"
"cs336/Lecture13/images/nemotron-results.png","02-cs336课程笔记/2.13-第13讲-数据来源与混合/images/nemotron-results.png","附件迁移","课程附件按讲次目录迁移"
"cs336/Lecture13/images/olmo2-dolmino.png","02-cs336课程笔记/2.13-第13讲-数据来源与混合/images/olmo2-dolmino.png","附件迁移","课程附件按讲次目录迁移"
"cs336/Lecture13/images/olmo2-pretraining.png","02-cs336课程笔记/2.13-第13讲-数据来源与混合/images/olmo2-pretraining.png","附件迁移","课程附件按讲次目录迁移"
"cs336/Lecture13/images/tulu.png","02-cs336课程笔记/2.13-第13讲-数据来源与混合/images/tulu.png","附件迁移","课程附件按讲次目录迁移"
"cs336/Lecture14/Lecture14-KenLM.md","02-cs336课程笔记/2.14-第14讲-数据过滤与去重/2.14.1-kenlm.md","迁移并修订","讲内文章按继承编号迁移"
"cs336/Lecture14/Lecture14-Main.md","02-cs336课程笔记/2.14-第14讲-数据过滤与去重/2.14-第14讲-数据过滤与去重.md","迁移并修订","讲次主页改为目录同名首页"
"cs336/Lecture14/Lecture14-MinHash-LSH.md","02-cs336课程笔记/2.14-第14讲-数据过滤与去重/2.14.2-minhash与lsh.md","迁移并修订","讲内文章按继承编号迁移"
"cs336/Lecture14/images/dsir-results.png","02-cs336课程笔记/2.14-第14讲-数据过滤与去重/images/dsir-results.png","附件迁移","课程附件按讲次目录迁移"
"cs336/Lecture15/Lecture15-DPO.md","02-cs336课程笔记/2.15-第15讲-sft与rlhf/2.15.1-dpo.md","迁移并修订","讲内文章按继承编号迁移"
"cs336/Lecture15/Lecture15-InstructGPT.md","02-cs336课程笔记/2.15-第15讲-sft与rlhf/2.15.2-instructgpt.md","迁移并修订","讲内文章按继承编号迁移"
"cs336/Lecture15/Lecture15-Main.md","02-cs336课程笔记/2.15-第15讲-sft与rlhf/2.15-第15讲-sft与rlhf.md","迁移并修订","讲次主页改为目录同名首页"
"cs336/Lecture16/Lecture16-DeepSeek-R1.md","02-cs336课程笔记/2.16-第16讲-rlvr/2.16.1-deepseek-r1.md","迁移并修订","讲内文章按继承编号迁移"
"cs336/Lecture16/Lecture16-GRPO-Math.md","02-cs336课程笔记/2.16-第16讲-rlvr/2.16.2-grpo数学.md","迁移并修订","讲内文章按继承编号迁移"
"cs336/Lecture16/Lecture16-Main.md","02-cs336课程笔记/2.16-第16讲-rlvr/2.16-第16讲-rlvr.md","迁移并修订","讲次主页改为目录同名首页"
"cs336/Lecture16/images/dclm-filter.png","_sources/course-assets/orphans/02-cs336课程笔记/2.16-第16讲-rlvr/images/dclm-filter.png","附件迁移","未引用课程附件移入可追溯归档"
"cs336/Lecture16/images/deepseek-r1-benchmarks.png","02-cs336课程笔记/2.16-第16讲-rlvr/images/deepseek-r1-benchmarks.png","附件迁移","课程附件按讲次目录迁移"
"cs336/Lecture16/images/grpo-algorithm.png","02-cs336课程笔记/2.16-第16讲-rlvr/images/grpo-algorithm.png","附件迁移","课程附件按讲次目录迁移"
"cs336/Lecture17/Lecture17-Main.md","02-cs336课程笔记/2.17-第17讲-grpo实作/2.17-第17讲-grpo实作.md","迁移并修订","讲次主页改为目录同名首页"
"cs336/Lecture17/images/grpo-algorithm.png","02-cs336课程笔记/2.17-第17讲-grpo实作/images/grpo-algorithm.png","附件迁移","课程附件按讲次目录迁移"
"cs336/Lecture2/.files/1XXHc6gCBDjUcuP.png","02-cs336课程笔记/2.2-第02讲-pytorch与资源核算/.files/1XXHc6gCBDjUcuP.png","附件迁移","课程附件按讲次目录迁移"
"cs336/Lecture2/.files/EqDqf8Yaa3IY8x9.png","_sources/course-assets/orphans/02-cs336课程笔记/2.2-第02讲-pytorch与资源核算/.files/EqDqf8Yaa3IY8x9.png","附件迁移","未引用课程附件移入可追溯归档"
"cs336/Lecture2/.files/GiH7RLAfVohVbFu.png","_sources/course-assets/orphans/02-cs336课程笔记/2.2-第02讲-pytorch与资源核算/.files/GiH7RLAfVohVbFu.png","附件迁移","未引用课程附件移入可追溯归档"
"cs336/Lecture2/.files/HYfhswM75hnkdzo.png","_sources/course-assets/orphans/02-cs336课程笔记/2.2-第02讲-pytorch与资源核算/.files/HYfhswM75hnkdzo.png","附件迁移","未引用课程附件移入可追溯归档"
"cs336/Lecture2/.files/J273WGzkBl8HyDn.png","02-cs336课程笔记/2.2-第02讲-pytorch与资源核算/.files/J273WGzkBl8HyDn.png","附件迁移","课程附件按讲次目录迁移"
"cs336/Lecture2/.files/NjCDRhKALVWcdMC.png","02-cs336课程笔记/2.2-第02讲-pytorch与资源核算/.files/NjCDRhKALVWcdMC.png","附件迁移","课程附件按讲次目录迁移"
"cs336/Lecture2/.files/SOZ8eGIfbHoXgq7.png","02-cs336课程笔记/2.2-第02讲-pytorch与资源核算/.files/SOZ8eGIfbHoXgq7.png","附件迁移","课程附件按讲次目录迁移"
"cs336/Lecture2/.files/XdOUBkuVSMkVq7r.png","02-cs336课程笔记/2.2-第02讲-pytorch与资源核算/.files/XdOUBkuVSMkVq7r.png","附件迁移","课程附件按讲次目录迁移"
"cs336/Lecture2/.files/ikPmRWM968kchMP.png","02-cs336课程笔记/2.2-第02讲-pytorch与资源核算/.files/ikPmRWM968kchMP.png","附件迁移","课程附件按讲次目录迁移"
"cs336/Lecture2/.files/s733wPM0Wf1GUHq.png","02-cs336课程笔记/2.2-第02讲-pytorch与资源核算/.files/s733wPM0Wf1GUHq.png","附件迁移","课程附件按讲次目录迁移"
"cs336/Lecture2/Lecture2-Floating-Point-Representations.md","02-cs336课程笔记/2.2-第02讲-pytorch与资源核算/2.2.2-浮点数表示.md","迁移并修订","讲内文章按继承编号迁移"
"cs336/Lecture2/Lecture2-Gradients-and-Backward-Pass.md","02-cs336课程笔记/2.2-第02讲-pytorch与资源核算/2.2.3-梯度与反向传播.md","迁移并修订","讲内文章按继承编号迁移"
"cs336/Lecture2/Lecture2-Main.md","02-cs336课程笔记/2.2-第02讲-pytorch与资源核算/2.2-第02讲-pytorch与资源核算.md","迁移并修订","讲次主页改为目录同名首页"
"cs336/Lecture2/Lecture2-Mixed-Precision-Training.md","02-cs336课程笔记/2.2-第02讲-pytorch与资源核算/2.2.4-混合精度训练.md","迁移并修订","讲内文章按继承编号迁移"
"cs336/Lecture2/Lecture2-Optimizers.md","02-cs336课程笔记/2.2-第02讲-pytorch与资源核算/2.2.5-优化器.md","迁移并修订","讲内文章按继承编号迁移"
"cs336/Lecture2/Lecture2-PyTorch-Tensors.md","02-cs336课程笔记/2.2-第02讲-pytorch与资源核算/2.2.6-pytorch张量.md","迁移并修订","讲内文章按继承编号迁移"
"cs336/Lecture2/Lecture2-因果注意力.md","02-cs336课程笔记/2.2-第02讲-pytorch与资源核算/2.2.1-因果注意力.md","迁移并修订","讲内文章按继承编号迁移"
"cs336/Lecture3/.files/0dJIRaHjNaluDul.png","02-cs336课程笔记/2.3-第03讲-架构与超参数/.files/0dJIRaHjNaluDul.png","附件迁移","课程附件按讲次目录迁移"
"cs336/Lecture3/.files/13ArblD3v4ZkTg7.jpg","02-cs336课程笔记/2.3-第03讲-架构与超参数/.files/13ArblD3v4ZkTg7.jpg","附件迁移","课程附件按讲次目录迁移"
"cs336/Lecture3/.files/2kNm75WinJhpn5F.png","02-cs336课程笔记/2.3-第03讲-架构与超参数/.files/2kNm75WinJhpn5F.png","附件迁移","课程附件按讲次目录迁移"
"cs336/Lecture3/.files/7JJtbYC33Pu5hzA.png","02-cs336课程笔记/2.3-第03讲-架构与超参数/.files/7JJtbYC33Pu5hzA.png","附件迁移","课程附件按讲次目录迁移"
"cs336/Lecture3/.files/7yiIqQfsVV3DATH.png","_sources/course-assets/orphans/02-cs336课程笔记/2.3-第03讲-架构与超参数/.files/7yiIqQfsVV3DATH.png","附件迁移","未引用课程附件移入可追溯归档"
"cs336/Lecture3/.files/AHoG1qLikrFabdf.png","02-cs336课程笔记/2.3-第03讲-架构与超参数/.files/AHoG1qLikrFabdf.png","附件迁移","课程附件按讲次目录迁移"
"cs336/Lecture3/.files/BX5PPfx7ZCCp6hW.png","02-cs336课程笔记/2.3-第03讲-架构与超参数/.files/BX5PPfx7ZCCp6hW.png","附件迁移","课程附件按讲次目录迁移"
"cs336/Lecture3/.files/Cby5OElrnHBN5RX.jpg","02-cs336课程笔记/2.3-第03讲-架构与超参数/.files/Cby5OElrnHBN5RX.jpg","附件迁移","课程附件按讲次目录迁移"
"cs336/Lecture3/.files/D6iq8hhmh1A3wOn.png","02-cs336课程笔记/2.3-第03讲-架构与超参数/.files/D6iq8hhmh1A3wOn.png","附件迁移","课程附件按讲次目录迁移"
"cs336/Lecture3/.files/DUnd88nsYwXY6jx.png","02-cs336课程笔记/2.3-第03讲-架构与超参数/.files/DUnd88nsYwXY6jx.png","附件迁移","课程附件按讲次目录迁移"
"cs336/Lecture3/.files/Ho8AYeLCnF4Qsot.png","02-cs336课程笔记/2.3-第03讲-架构与超参数/.files/Ho8AYeLCnF4Qsot.png","附件迁移","课程附件按讲次目录迁移"
"cs336/Lecture3/.files/IPvCcUZMLcyI1NS.png","02-cs336课程笔记/2.3-第03讲-架构与超参数/.files/IPvCcUZMLcyI1NS.png","附件迁移","课程附件按讲次目录迁移"
"cs336/Lecture3/.files/MF96vdyXq1Q101e.jpg","02-cs336课程笔记/2.3-第03讲-架构与超参数/.files/MF96vdyXq1Q101e.jpg","附件迁移","课程附件按讲次目录迁移"
"cs336/Lecture3/.files/MPVUL6QYTu6L9G9.png","02-cs336课程笔记/2.3-第03讲-架构与超参数/.files/MPVUL6QYTu6L9G9.png","附件迁移","课程附件按讲次目录迁移"
"cs336/Lecture3/.files/NVfFLLRWXqdtNMJ.png","02-cs336课程笔记/2.3-第03讲-架构与超参数/.files/NVfFLLRWXqdtNMJ.png","附件迁移","课程附件按讲次目录迁移"
"cs336/Lecture3/.files/UQnJoPZ7x08rmkK.png","02-cs336课程笔记/2.3-第03讲-架构与超参数/.files/UQnJoPZ7x08rmkK.png","附件迁移","课程附件按讲次目录迁移"
"cs336/Lecture3/.files/XZbbYQRhliXhWmi.png","02-cs336课程笔记/2.3-第03讲-架构与超参数/.files/XZbbYQRhliXhWmi.png","附件迁移","课程附件按讲次目录迁移"
"cs336/Lecture3/.files/ZDU870abJbALu0M.png","02-cs336课程笔记/2.3-第03讲-架构与超参数/.files/ZDU870abJbALu0M.png","附件迁移","课程附件按讲次目录迁移"
"cs336/Lecture3/.files/ZRWaKIzNgfGsiws.png","02-cs336课程笔记/2.3-第03讲-架构与超参数/.files/ZRWaKIzNgfGsiws.png","附件迁移","课程附件按讲次目录迁移"
"cs336/Lecture3/.files/aI6o1VQ81EZaCMx.png","02-cs336课程笔记/2.3-第03讲-架构与超参数/.files/aI6o1VQ81EZaCMx.png","附件迁移","课程附件按讲次目录迁移"
"cs336/Lecture3/.files/evhAeHIAMXIziUo.png","02-cs336课程笔记/2.3-第03讲-架构与超参数/.files/evhAeHIAMXIziUo.png","附件迁移","课程附件按讲次目录迁移"
"cs336/Lecture3/.files/gJZJgBZjw5NUxBK.png","02-cs336课程笔记/2.3-第03讲-架构与超参数/.files/gJZJgBZjw5NUxBK.png","附件迁移","课程附件按讲次目录迁移"
"cs336/Lecture3/.files/javRkmQ7APH89zq.png","02-cs336课程笔记/2.3-第03讲-架构与超参数/.files/javRkmQ7APH89zq.png","附件迁移","课程附件按讲次目录迁移"
"cs336/Lecture3/.files/oOtqV3jTy0DikZ7.png","02-cs336课程笔记/2.3-第03讲-架构与超参数/.files/oOtqV3jTy0DikZ7.png","附件迁移","课程附件按讲次目录迁移"
"cs336/Lecture3/.files/oqbYreE45WxYe3C.png","_sources/course-assets/orphans/02-cs336课程笔记/2.3-第03讲-架构与超参数/.files/oqbYreE45WxYe3C.png","附件迁移","未引用课程附件移入可追溯归档"
"cs336/Lecture3/.files/p0U9TRASIGvgDkx.png","02-cs336课程笔记/2.3-第03讲-架构与超参数/.files/p0U9TRASIGvgDkx.png","附件迁移","课程附件按讲次目录迁移"
"cs336/Lecture3/.files/q2RkH83IUSPRQGR.jpg","02-cs336课程笔记/2.3-第03讲-架构与超参数/.files/q2RkH83IUSPRQGR.jpg","附件迁移","课程附件按讲次目录迁移"
"cs336/Lecture3/.files/rQPB9pSEGPFQPcI.png","02-cs336课程笔记/2.3-第03讲-架构与超参数/.files/rQPB9pSEGPFQPcI.png","附件迁移","课程附件按讲次目录迁移"
"cs336/Lecture3/.files/vkOjeAuT3EwMlko.png","02-cs336课程笔记/2.3-第03讲-架构与超参数/.files/vkOjeAuT3EwMlko.png","附件迁移","课程附件按讲次目录迁移"
"cs336/Lecture3/.files/wPEUGmk9OJL0dog.png","02-cs336课程笔记/2.3-第03讲-架构与超参数/.files/wPEUGmk9OJL0dog.png","附件迁移","课程附件按讲次目录迁移"
"cs336/Lecture3/Lecture3-GQA-MQA-MLA.md","02-cs336课程笔记/2.3-第03讲-架构与超参数/2.3.2-gqa-mqa与mla.md","迁移并修订","讲内文章按继承编号迁移"
"cs336/Lecture3/Lecture3-Gated-Activations.md","02-cs336课程笔记/2.3-第03讲-架构与超参数/2.3.1-门控激活.md","迁移并修订","讲内文章按继承编号迁移"
"cs336/Lecture3/Lecture3-Main.md","02-cs336课程笔记/2.3-第03讲-架构与超参数/2.3-第03讲-架构与超参数.md","迁移并修订","讲次主页改为目录同名首页"
"cs336/Lecture3/Lecture3-Normalization-Strategies.md","02-cs336课程笔记/2.3-第03讲-架构与超参数/2.3.3-归一化策略.md","迁移并修订","讲内文章按继承编号迁移"
"cs336/Lecture3/Lecture3-Rotary-Position-Embeddings.md","02-cs336课程笔记/2.3-第03讲-架构与超参数/2.3.4-旋转位置编码.md","迁移并修订","讲内文章按继承编号迁移"
"cs336/Lecture3/Lecture3-Where-to-put-Norm-and-why.md","02-cs336课程笔记/2.3-第03讲-架构与超参数/2.3.5-归一化层位置.md","迁移并修订","讲内文章按继承编号迁移"
"cs336/Lecture3/assets/img1.png","02-cs336课程笔记/2.3-第03讲-架构与超参数/assets/img1.png","附件迁移","课程附件按讲次目录迁移"
"cs336/Lecture3/assets/img2.png","_sources/course-assets/orphans/02-cs336课程笔记/2.3-第03讲-架构与超参数/assets/img2.png","附件迁移","未引用课程附件移入可追溯归档"
"cs336/Lecture3/assets/img3.png","02-cs336课程笔记/2.3-第03讲-架构与超参数/assets/img3.png","附件迁移","课程附件按讲次目录迁移"
"cs336/Lecture3/assets/位置编码泄露.png","_sources/course-assets/orphans/02-cs336课程笔记/2.3-第03讲-架构与超参数/assets/位置编码泄露.png","附件迁移","未引用课程附件移入可追溯归档"
"cs336/Lecture4/Lecture4-Load-Balancing-Losses.md","02-cs336课程笔记/2.4-第04讲-混合专家模型/2.4.2-负载均衡损失.md","迁移并修订","讲内文章按继承编号迁移"
"cs336/Lecture4/Lecture4-MLA-Attention.md","02-cs336课程笔记/2.4-第04讲-混合专家模型/2.4.3-mla注意力.md","迁移并修订","讲内文章按继承编号迁移"
"cs336/Lecture4/Lecture4-Main.md","02-cs336课程笔记/2.4-第04讲-混合专家模型/2.4-第04讲-混合专家模型.md","迁移并修订","讲次主页改为目录同名首页"
"cs336/Lecture4/Lecture4-TopK-Routing.md","02-cs336课程笔记/2.4-第04讲-混合专家模型/2.4.4-top-k路由.md","迁移并修订","讲内文章按继承编号迁移"
"cs336/Lecture4/lecture4-DeepSeek-MoE.md","02-cs336课程笔记/2.4-第04讲-混合专家模型/2.4.1-deepseek-moe.md","迁移并修订","讲内文章按继承编号迁移"
"cs336/Lecture5/File/img.png","02-cs336课程笔记/2.5-第05讲-gpu体系结构/File/img.png","附件迁移","课程附件按讲次目录迁移"
"cs336/Lecture5/Lecture5-Flash-Attention-Explained.md","02-cs336课程笔记/2.5-第05讲-gpu体系结构/2.5.1-flash-attention.md","迁移并修订","讲内文章按继承编号迁移"
"cs336/Lecture5/Lecture5-GPU-Execution-Model.md","02-cs336课程笔记/2.5-第05讲-gpu体系结构/2.5.2-gpu执行模型.md","迁移并修订","讲内文章按继承编号迁移"
"cs336/Lecture5/Lecture5-GPU-Memory-Hierarchy.md","02-cs336课程笔记/2.5-第05讲-gpu体系结构/2.5.3-gpu内存层级.md","迁移并修订","讲内文章按继承编号迁移"
"cs336/Lecture5/Lecture5-GPU学习资源.md","02-cs336课程笔记/2.5-第05讲-gpu体系结构/2.5.4-gpu学习资源.md","迁移并修订","讲内文章按继承编号迁移"
"cs336/Lecture5/Lecture5-Main.md","02-cs336课程笔记/2.5-第05讲-gpu体系结构/2.5-第05讲-gpu体系结构.md","迁移并修订","讲次主页改为目录同名首页"
"cs336/Lecture5/Lecture5-Tiling-for-Performance.md","02-cs336课程笔记/2.5-第05讲-gpu体系结构/2.5.5-分块优化.md","迁移并修订","讲内文章按继承编号迁移"
"cs336/Lecture5/imgFile/img.png","02-cs336课程笔记/2.5-第05讲-gpu体系结构/imgFile/img.png","附件迁移","课程附件按讲次目录迁移"
"cs336/Lecture5/imgFile/img_1.png","02-cs336课程笔记/2.5-第05讲-gpu体系结构/imgFile/img_1.png","附件迁移","课程附件按讲次目录迁移"
"cs336/Lecture5/imgFile/img_10.png","02-cs336课程笔记/2.5-第05讲-gpu体系结构/imgFile/img_10.png","附件迁移","课程附件按讲次目录迁移"
"cs336/Lecture5/imgFile/img_11.png","02-cs336课程笔记/2.5-第05讲-gpu体系结构/imgFile/img_11.png","附件迁移","课程附件按讲次目录迁移"
"cs336/Lecture5/imgFile/img_12.png","02-cs336课程笔记/2.5-第05讲-gpu体系结构/imgFile/img_12.png","附件迁移","课程附件按讲次目录迁移"
"cs336/Lecture5/imgFile/img_13.png","02-cs336课程笔记/2.5-第05讲-gpu体系结构/imgFile/img_13.png","附件迁移","课程附件按讲次目录迁移"
"cs336/Lecture5/imgFile/img_14.png","02-cs336课程笔记/2.5-第05讲-gpu体系结构/imgFile/img_14.png","附件迁移","课程附件按讲次目录迁移"
"cs336/Lecture5/imgFile/img_15.png","02-cs336课程笔记/2.5-第05讲-gpu体系结构/imgFile/img_15.png","附件迁移","课程附件按讲次目录迁移"
"cs336/Lecture5/imgFile/img_16.png","02-cs336课程笔记/2.5-第05讲-gpu体系结构/imgFile/img_16.png","附件迁移","课程附件按讲次目录迁移"
"cs336/Lecture5/imgFile/img_17.png","02-cs336课程笔记/2.5-第05讲-gpu体系结构/imgFile/img_17.png","附件迁移","课程附件按讲次目录迁移"
"cs336/Lecture5/imgFile/img_18.png","02-cs336课程笔记/2.5-第05讲-gpu体系结构/imgFile/img_18.png","附件迁移","课程附件按讲次目录迁移"
"cs336/Lecture5/imgFile/img_19.png","02-cs336课程笔记/2.5-第05讲-gpu体系结构/imgFile/img_19.png","附件迁移","课程附件按讲次目录迁移"
"cs336/Lecture5/imgFile/img_2.png","02-cs336课程笔记/2.5-第05讲-gpu体系结构/imgFile/img_2.png","附件迁移","课程附件按讲次目录迁移"
"cs336/Lecture5/imgFile/img_20.png","02-cs336课程笔记/2.5-第05讲-gpu体系结构/imgFile/img_20.png","附件迁移","课程附件按讲次目录迁移"
"cs336/Lecture5/imgFile/img_21.png","02-cs336课程笔记/2.5-第05讲-gpu体系结构/imgFile/img_21.png","附件迁移","课程附件按讲次目录迁移"
"cs336/Lecture5/imgFile/img_22.png","_sources/course-assets/orphans/02-cs336课程笔记/2.5-第05讲-gpu体系结构/imgFile/img_22.png","附件迁移","未引用课程附件移入可追溯归档"
"cs336/Lecture5/imgFile/img_23.png","02-cs336课程笔记/2.5-第05讲-gpu体系结构/imgFile/img_23.png","附件迁移","课程附件按讲次目录迁移"
"cs336/Lecture5/imgFile/img_24.png","_sources/course-assets/orphans/02-cs336课程笔记/2.5-第05讲-gpu体系结构/imgFile/img_24.png","附件迁移","未引用课程附件移入可追溯归档"
"cs336/Lecture5/imgFile/img_25.png","02-cs336课程笔记/2.5-第05讲-gpu体系结构/imgFile/img_25.png","附件迁移","课程附件按讲次目录迁移"
"cs336/Lecture5/imgFile/img_26.png","02-cs336课程笔记/2.5-第05讲-gpu体系结构/imgFile/img_26.png","附件迁移","课程附件按讲次目录迁移"
"cs336/Lecture5/imgFile/img_27.png","02-cs336课程笔记/2.5-第05讲-gpu体系结构/imgFile/img_27.png","附件迁移","课程附件按讲次目录迁移"
"cs336/Lecture5/imgFile/img_28.png","02-cs336课程笔记/2.5-第05讲-gpu体系结构/imgFile/img_28.png","附件迁移","课程附件按讲次目录迁移"
"cs336/Lecture5/imgFile/img_29.png","02-cs336课程笔记/2.5-第05讲-gpu体系结构/imgFile/img_29.png","附件迁移","课程附件按讲次目录迁移"
"cs336/Lecture5/imgFile/img_3.png","02-cs336课程笔记/2.5-第05讲-gpu体系结构/imgFile/img_3.png","附件迁移","课程附件按讲次目录迁移"
"cs336/Lecture5/imgFile/img_30.png","02-cs336课程笔记/2.5-第05讲-gpu体系结构/imgFile/img_30.png","附件迁移","课程附件按讲次目录迁移"
"cs336/Lecture5/imgFile/img_31.png","02-cs336课程笔记/2.5-第05讲-gpu体系结构/imgFile/img_31.png","附件迁移","课程附件按讲次目录迁移"
"cs336/Lecture5/imgFile/img_32.png","02-cs336课程笔记/2.5-第05讲-gpu体系结构/imgFile/img_32.png","附件迁移","课程附件按讲次目录迁移"
"cs336/Lecture5/imgFile/img_33.png","02-cs336课程笔记/2.5-第05讲-gpu体系结构/imgFile/img_33.png","附件迁移","课程附件按讲次目录迁移"
"cs336/Lecture5/imgFile/img_34.png","02-cs336课程笔记/2.5-第05讲-gpu体系结构/imgFile/img_34.png","附件迁移","课程附件按讲次目录迁移"
"cs336/Lecture5/imgFile/img_35.png","02-cs336课程笔记/2.5-第05讲-gpu体系结构/imgFile/img_35.png","附件迁移","课程附件按讲次目录迁移"
"cs336/Lecture5/imgFile/img_36.png","02-cs336课程笔记/2.5-第05讲-gpu体系结构/imgFile/img_36.png","附件迁移","课程附件按讲次目录迁移"
"cs336/Lecture5/imgFile/img_37.png","_sources/course-assets/orphans/02-cs336课程笔记/2.5-第05讲-gpu体系结构/imgFile/img_37.png","附件迁移","未引用课程附件移入可追溯归档"
"cs336/Lecture5/imgFile/img_38.png","02-cs336课程笔记/2.5-第05讲-gpu体系结构/imgFile/img_38.png","附件迁移","课程附件按讲次目录迁移"
"cs336/Lecture5/imgFile/img_39.png","02-cs336课程笔记/2.5-第05讲-gpu体系结构/imgFile/img_39.png","附件迁移","课程附件按讲次目录迁移"
"cs336/Lecture5/imgFile/img_4.png","02-cs336课程笔记/2.5-第05讲-gpu体系结构/imgFile/img_4.png","附件迁移","课程附件按讲次目录迁移"
"cs336/Lecture5/imgFile/img_5.png","02-cs336课程笔记/2.5-第05讲-gpu体系结构/imgFile/img_5.png","附件迁移","课程附件按讲次目录迁移"
"cs336/Lecture5/imgFile/img_6.png","02-cs336课程笔记/2.5-第05讲-gpu体系结构/imgFile/img_6.png","附件迁移","课程附件按讲次目录迁移"
"cs336/Lecture5/imgFile/img_7.png","02-cs336课程笔记/2.5-第05讲-gpu体系结构/imgFile/img_7.png","附件迁移","课程附件按讲次目录迁移"
"cs336/Lecture5/imgFile/img_8.png","02-cs336课程笔记/2.5-第05讲-gpu体系结构/imgFile/img_8.png","附件迁移","课程附件按讲次目录迁移"
"cs336/Lecture5/imgFile/img_9.png","_sources/course-assets/orphans/02-cs336课程笔记/2.5-第05讲-gpu体系结构/imgFile/img_9.png","附件迁移","未引用课程附件移入可追溯归档"
"cs336/Lecture6/Lecture6-CPU-GPU-Asynchronicity.md","02-cs336课程笔记/2.6-第06讲-cuda与triton内核/2.6.4-cpu-gpu异步.md","迁移并修订","讲内文章按继承编号迁移"
"cs336/Lecture6/Lecture6-Code-CUDA-GeLU.md","02-cs336课程笔记/2.6-第06讲-cuda与triton内核/2.6.1-cuda-gelu.md","迁移并修订","讲内文章按继承编号迁移"
"cs336/Lecture6/Lecture6-Code-Triton-GeLU.md","02-cs336课程笔记/2.6-第06讲-cuda与triton内核/2.6.2-triton-gelu.md","迁移并修订","讲内文章按继承编号迁移"
"cs336/Lecture6/Lecture6-Code-Triton-Softmax.md","02-cs336课程笔记/2.6-第06讲-cuda与triton内核/2.6.3-triton-softmax.md","迁移并修订","讲内文章按继承编号迁移"
"cs336/Lecture6/Lecture6-Main.md","02-cs336课程笔记/2.6-第06讲-cuda与triton内核/2.6-第06讲-cuda与triton内核.md","迁移并修订","讲次主页改为目录同名首页"
"cs336/Lecture7/Lecture7-Collective-Communication.md","02-cs336课程笔记/2.7-第07讲-并行训练基础/2.7.1-集合通信.md","迁移并修订","讲内文章按继承编号迁移"
"cs336/Lecture7/Lecture7-Main.md","02-cs336课程笔记/2.7-第07讲-并行训练基础/2.7-第07讲-并行训练基础.md","迁移并修订","讲次主页改为目录同名首页"
"cs336/Lecture7/Lecture7-Tensor-Parallelism.md","02-cs336课程笔记/2.7-第07讲-并行训练基础/2.7.3-张量并行.md","迁移并修订","讲内文章按继承编号迁移"
"cs336/Lecture7/Lecture7-ZeRO3-FSDP.md","02-cs336课程笔记/2.7-第07讲-并行训练基础/2.7.5-zero3与fsdp.md","迁移并修订","讲内文章按继承编号迁移"
"cs336/Lecture7/Lecture7-Zero-Bubble-PP.md","02-cs336课程笔记/2.7-第07讲-并行训练基础/2.7.4-零气泡流水线.md","迁移并修订","讲内文章按继承编号迁移"
"cs336/Lecture7/Lecture7-流水线并行.md","02-cs336课程笔记/2.7-第07讲-并行训练基础/2.7.2-流水线并行.md","迁移并修订","讲内文章按继承编号迁移"
"cs336/Lecture7/imgs/img.png","02-cs336课程笔记/2.7-第07讲-并行训练基础/imgs/img.png","附件迁移","课程附件按讲次目录迁移"
"cs336/Lecture7/imgs/img_1.png","02-cs336课程笔记/2.7-第07讲-并行训练基础/imgs/img_1.png","附件迁移","课程附件按讲次目录迁移"
"cs336/Lecture7/imgs/img_10.png","02-cs336课程笔记/2.7-第07讲-并行训练基础/imgs/img_10.png","附件迁移","课程附件按讲次目录迁移"
"cs336/Lecture7/imgs/img_11.png","02-cs336课程笔记/2.7-第07讲-并行训练基础/imgs/img_11.png","附件迁移","课程附件按讲次目录迁移"
"cs336/Lecture7/imgs/img_12.png","02-cs336课程笔记/2.7-第07讲-并行训练基础/imgs/img_12.png","附件迁移","课程附件按讲次目录迁移"
"cs336/Lecture7/imgs/img_13.png","_sources/course-assets/orphans/02-cs336课程笔记/2.7-第07讲-并行训练基础/imgs/img_13.png","附件迁移","未引用课程附件移入可追溯归档"
"cs336/Lecture7/imgs/img_14.png","02-cs336课程笔记/2.7-第07讲-并行训练基础/imgs/img_14.png","附件迁移","课程附件按讲次目录迁移"
"cs336/Lecture7/imgs/img_15.png","02-cs336课程笔记/2.7-第07讲-并行训练基础/imgs/img_15.png","附件迁移","课程附件按讲次目录迁移"
"cs336/Lecture7/imgs/img_16.png","02-cs336课程笔记/2.7-第07讲-并行训练基础/imgs/img_16.png","附件迁移","课程附件按讲次目录迁移"
"cs336/Lecture7/imgs/img_17.png","02-cs336课程笔记/2.7-第07讲-并行训练基础/imgs/img_17.png","附件迁移","课程附件按讲次目录迁移"
"cs336/Lecture7/imgs/img_18.png","_sources/course-assets/orphans/02-cs336课程笔记/2.7-第07讲-并行训练基础/imgs/img_18.png","附件迁移","未引用课程附件移入可追溯归档"
"cs336/Lecture7/imgs/img_19.png","02-cs336课程笔记/2.7-第07讲-并行训练基础/imgs/img_19.png","附件迁移","课程附件按讲次目录迁移"
"cs336/Lecture7/imgs/img_2.png","02-cs336课程笔记/2.7-第07讲-并行训练基础/imgs/img_2.png","附件迁移","课程附件按讲次目录迁移"
"cs336/Lecture7/imgs/img_20.png","02-cs336课程笔记/2.7-第07讲-并行训练基础/imgs/img_20.png","附件迁移","课程附件按讲次目录迁移"
"cs336/Lecture7/imgs/img_21.png","02-cs336课程笔记/2.7-第07讲-并行训练基础/imgs/img_21.png","附件迁移","课程附件按讲次目录迁移"
"cs336/Lecture7/imgs/img_22.png","_sources/course-assets/orphans/02-cs336课程笔记/2.7-第07讲-并行训练基础/imgs/img_22.png","附件迁移","未引用课程附件移入可追溯归档"
"cs336/Lecture7/imgs/img_23.png","02-cs336课程笔记/2.7-第07讲-并行训练基础/imgs/img_23.png","附件迁移","课程附件按讲次目录迁移"
"cs336/Lecture7/imgs/img_24.png","_sources/course-assets/orphans/02-cs336课程笔记/2.7-第07讲-并行训练基础/imgs/img_24.png","附件迁移","未引用课程附件移入可追溯归档"
"cs336/Lecture7/imgs/img_25.png","02-cs336课程笔记/2.7-第07讲-并行训练基础/imgs/img_25.png","附件迁移","课程附件按讲次目录迁移"
"cs336/Lecture7/imgs/img_3.png","02-cs336课程笔记/2.7-第07讲-并行训练基础/imgs/img_3.png","附件迁移","课程附件按讲次目录迁移"
"cs336/Lecture7/imgs/img_30.png","02-cs336课程笔记/2.7-第07讲-并行训练基础/imgs/img_30.png","附件迁移","课程附件按讲次目录迁移"
"cs336/Lecture7/imgs/img_31.png","02-cs336课程笔记/2.7-第07讲-并行训练基础/imgs/img_31.png","附件迁移","课程附件按讲次目录迁移"
"cs336/Lecture7/imgs/img_32.png","_sources/course-assets/orphans/02-cs336课程笔记/2.7-第07讲-并行训练基础/imgs/img_32.png","附件迁移","未引用课程附件移入可追溯归档"
"cs336/Lecture7/imgs/img_33.png","02-cs336课程笔记/2.7-第07讲-并行训练基础/imgs/img_33.png","附件迁移","课程附件按讲次目录迁移"
"cs336/Lecture7/imgs/img_35.png","02-cs336课程笔记/2.7-第07讲-并行训练基础/imgs/img_35.png","附件迁移","课程附件按讲次目录迁移"
"cs336/Lecture7/imgs/img_36.png","02-cs336课程笔记/2.7-第07讲-并行训练基础/imgs/img_36.png","附件迁移","课程附件按讲次目录迁移"
"cs336/Lecture7/imgs/img_4.png","02-cs336课程笔记/2.7-第07讲-并行训练基础/imgs/img_4.png","附件迁移","课程附件按讲次目录迁移"
"cs336/Lecture7/imgs/img_5.png","02-cs336课程笔记/2.7-第07讲-并行训练基础/imgs/img_5.png","附件迁移","课程附件按讲次目录迁移"
"cs336/Lecture7/imgs/img_6.png","02-cs336课程笔记/2.7-第07讲-并行训练基础/imgs/img_6.png","附件迁移","课程附件按讲次目录迁移"
"cs336/Lecture7/imgs/img_7.png","02-cs336课程笔记/2.7-第07讲-并行训练基础/imgs/img_7.png","附件迁移","课程附件按讲次目录迁移"
"cs336/Lecture7/imgs/img_8.png","02-cs336课程笔记/2.7-第07讲-并行训练基础/imgs/img_8.png","附件迁移","课程附件按讲次目录迁移"
"cs336/Lecture7/imgs/img_9.png","02-cs336课程笔记/2.7-第07讲-并行训练基础/imgs/img_9.png","附件迁移","课程附件按讲次目录迁移"
"cs336/Lecture8/Lecture8-Collective-Operations.md","02-cs336课程笔记/2.8-第08讲-并行训练实作/2.8.1-集合通信操作.md","迁移并修订","讲内文章按继承编号迁移"
"cs336/Lecture8/Lecture8-Data-Parallelism-Code.md","02-cs336课程笔记/2.8-第08讲-并行训练实作/2.8.2-数据并行代码.md","迁移并修订","讲内文章按继承编号迁移"
"cs336/Lecture8/Lecture8-Main.md","02-cs336课程笔记/2.8-第08讲-并行训练实作/2.8-第08讲-并行训练实作.md","迁移并修订","讲次主页改为目录同名首页"
"cs336/Lecture8/Lecture8-Tensor-And-Pipeline-Parallelism-Code.md","02-cs336课程笔记/2.8-第08讲-并行训练实作/2.8.3-张量与流水线并行代码.md","迁移并修订","讲内文章按继承编号迁移"
"cs336/Lecture9/Lecture9-Chinchilla-Methods.md","02-cs336课程笔记/2.9-第09讲-扩展定律/2.9.1-chinchilla方法.md","迁移并修订","讲内文章按继承编号迁移"
"cs336/Lecture9/Lecture9-Critical-Batch-Size.md","02-cs336课程笔记/2.9-第09讲-扩展定律/2.9.2-临界批大小.md","迁移并修订","讲内文章按继承编号迁移"
"cs336/Lecture9/Lecture9-Main.md","02-cs336课程笔记/2.9-第09讲-扩展定律/2.9-第09讲-扩展定律.md","迁移并修订","讲次主页改为目录同名首页"
"cs336/Lecture9/Lecture9-MuP.md","02-cs336课程笔记/2.9-第09讲-扩展定律/2.9.3-mup.md","迁移并修订","讲内文章按继承编号迁移"
"cs336/Lecture9/Lecture9-Scaling-Mechanics.md","02-cs336课程笔记/2.9-第09讲-扩展定律/2.9.4-扩展定律机制.md","迁移并修订","讲内文章按继承编号迁移"
"cs336/Lecture9/images/lecture9-architecture-scaling.png","02-cs336课程笔记/2.9-第09讲-扩展定律/images/lecture9-architecture-scaling.png","附件迁移","课程附件按讲次目录迁移"
"cs336/Lecture9/images/lecture9-chinchilla-isoflop.png","02-cs336课程笔记/2.9-第09讲-扩展定律/images/lecture9-chinchilla-isoflop.png","附件迁移","课程附件按讲次目录迁移"
"cs336/Lecture9/images/lecture9-critical-batch-size.png","02-cs336课程笔记/2.9-第09讲-扩展定律/images/lecture9-critical-batch-size.png","附件迁移","课程附件按讲次目录迁移"
"cs336/Lecture9/images/lecture9-data-scaling-log-log.png","_sources/course-assets/orphans/02-cs336课程笔记/2.9-第09讲-扩展定律/images/lecture9-data-scaling-log-log.png","附件迁移","未引用课程附件移入可追溯归档"
"cs336/Lecture9/images/lecture9-data-scaling.png","_sources/course-assets/orphans/02-cs336课程笔记/2.9-第09讲-扩展定律/images/lecture9-data-scaling.png","附件迁移","未引用课程附件移入可追溯归档"
"cs336/Lecture9/images/lecture9-hestness-regions.png","02-cs336课程笔记/2.9-第09讲-扩展定律/images/lecture9-hestness-regions.png","附件迁移","课程附件按讲次目录迁移"
"cs336/Lecture9/images/lecture9-intro-extrapolation.png","02-cs336课程笔记/2.9-第09讲-扩展定律/images/lecture9-intro-extrapolation.png","附件迁移","课程附件按讲次目录迁移"
"cs336/Lecture9/images/lecture9-transformer-vs-lstm.png","02-cs336课程笔记/2.9-第09讲-扩展定律/images/lecture9-transformer-vs-lstm.png","附件迁移","课程附件按讲次目录迁移"
"manifest.json","_archive/unverified/legacy-manifest.json","归档保留","旧站点清单退出公开导航并保留"
